        float r7265 = 1.0;
        float r8108 = 1.0;
        float r8192 = eps;
        float r8288 = 1.0;
        float r8334 = exp(r8333);
        float r8388 = x;
        float r8447 = exp(r8446);
        float r8498 = x;
        float r8548 = x;
        float r8626 = exp(r8625);
        float r8684 = 1.0;
        float r7319 = eps;
        float r8774 = x;
        float r8844 = b_2F2;
        float r8978 = b_2F2;
        float r9112 = a;
        float r9250 = x;
        float r9304 = x;
        float r9424 = sin(r9423);
        float r9476 = 1.0;
        float r7400 = x;
        float r7458 = 1.0;
        float r7512 = x;
        float r7586 = -r7585;
        float r7723 = -r7722;
        float r7847 = x;
        float r7898 = eps;
        float r8004 = x;
il ,    2.26152e+08,        61.9144,        21.6449
id ,    1.40595e+08,        61.9306,        24.2094
om ,    2.73672e+10,              0,              0
im  ,    3.35376e+10,              0,              0
ol ,    6.88428e+07,        61.9054,         20.593
od ,    1.00961e+08,        61.9218,        23.2752
        float r8684 = 1.0;
of ,      2.368e+07,        29.9262,        12.4704
