        float r2124 = x;
ol ,    3.94743e+08,              1,    0.000319358
        float r3094 = x;
ol ,     1.3977e+09,        62.9394,        22.0524
        float r3178 = x;
ol ,    1.21728e+09,        62.9059,        22.6937
        float r3393 = N;
ol ,    4.65066e+08,             63,        20.9358
        float r3484 = x;
ol ,    1.05068e+09,        59.8205,        45.6822
        float r3622 = 1.0;
ol ,    1.46116e+08,        61.9972,        23.9254
        float r3681 = x;
ol ,    4.15726e+08,         63.648,        25.1472
        float r3732 = a;
ol ,     1.8045e+08,        61.9054,        27.6393
        float r3782 = 1.0;
ol ,    3.34084e+08,             63,         32.265
        float r3897 = x;
ol ,    3.20003e+08,        62.9054,        25.9677
        float r3992 = N;
ol ,    7.19583e+08,        63.0031,        20.4071
        float r2178 = x;
ol ,    4.69961e+08,        61.9039,        13.1814
        float r4082 = 1.0;
ol ,      7.427e+08,        62.9566,        26.5417
        float r4152 = -2.0;
ol ,    4.03369e+08,        63.6302,        17.2299
        float r4340 = -2.0;
ol ,    4.01341e+08,        63.6296,        17.2565
        float r4528 = eps;
ol ,    1.12183e+09,        63.6466,        38.7643
        float r4666 = 1.0;
ol ,    2.33225e+08,        61.9054,        37.6204
        float r4720 = 2.0;
ol ,     1.0267e+09,             63,        21.0768
        float r4840 = x;
ol ,    6.90297e+08,             63,        25.1035
        float r4892 = x;
ol ,    1.06928e+09,        63.9894,        36.1177
        float r2259 = 1.0;
ol ,     1.7681e+08,        26.4257,      0.0087103
        float r2317 = N;
ol ,    7.22055e+07,              1,    0.000171684
        float r2371 = 1.0;
ol ,    6.08716e+08,        61.8549,        15.5233
        float r2445 = b;
ol ,    2.13517e+08,         61.959,      0.0205257
        float r2595 = b;
ol ,    2.82227e+08,        63.1263,         17.054
        float r2719 = 1.0;
ol ,    4.60035e+06,              1,    0.000271053
        float r2770 = x;
ol ,    8.16069e+08,        63.0364,        22.8314
        float r2990 = 1.0;
ol ,    8.95962e+06,        61.8555,        23.0855
il ,    4.98841e+08,         62.891,        47.6903
id ,    7.02703e+07,        62.9159,        50.1729
om ,    2.35697e+11,        59.8185,        42.6192
im  ,    2.02044e+10,              0,              0
ol ,    1.05068e+09,        59.8205,        45.6822
od ,    2.04939e+08,        61.9218,        47.6521
of ,    9.46964e+07,        30.4594,        25.8938
